{
  "project_info": {
    "project_number": "242865802946",
    "project_id": "appcoffee-a3ce2",
    "storage_bucket": "appcoffee-a3ce2.appspot.com"
  },
  "client": [
    {
      "client_info": {
        "mobilesdk_app_id": "1:242865802946:android:1d81ebb4832ddb2497755b",
        "android_client_info": {
          "package_name": "com.example.appcoffee"
        }
      },
      "oauth_client": [],
      "api_key": [
        {
          "current_key": "AIzaSyCKAMZTOwu5E0TdqOMbcsaYcCDwwoR9YDE"
        }
      ],
      "services": {
        "appinvite_service": {
          "other_platform_oauth_client": []
        }
      }
    }
  ],
  "configuration_version": "1"
}